{
    "optimal_k": 3,
    "final_n_components": 3,
    "silhouette_scores": [
        0.4154402944864908,
        0.44145985427789225,
        0.4128894492864389,
        0.3093785436599529,
        0.30589758020175584,
        0.32343553680397297,
        0.31806436666064963,
        0.299819479601023,
        0.296503768925661
    ],
    "final_cumulative_variance_ratio": [
        0.5869416039106735,
        0.8945341288123354,
        0.9585271300073152,
        1.0
    ],
    "largest_cluster_mask": [
        false,
        true,
        true,
        true,
        true,
        true,
        false,
        false,
        false,
        false,
        true,
        false,
        false,
        false,
        true,
        false,
        true,
        false,
        true,
        false,
        false,
        true,
        false,
        false,
        true,
        true,
        false,
        false,
        true,
        true,
        false,
        false,
        false,
        true,
        true,
        true,
        true,
        false,
        false,
        true,
        true,
        true,
        true,
        true,
        false,
        true,
        true,
        true,
        false,
        true,
        false,
        true,
        false,
        true,
        false,
        true,
        true,
        true,
        false,
        true,
        true,
        true,
        true,
        true,
        true,
        true,
        true,
        false,
        true,
        false,
        false,
        false,
        true,
        false,
        false,
        true,
        false,
        true,
        false,
        true,
        true,
        false,
        true,
        true,
        true,
        true,
        true,
        true,
        true,
        false,
        false,
        false,
        false,
        false,
        false,
        false,
        false,
        false,
        true,
        true,
        true,
        true,
        false,
        false,
        false,
        true,
        true,
        true,
        false,
        true,
        false,
        true,
        true,
        false
    ],
    "X_reduced": [
        [
            -1.4061312331804006,
            -2.377647105662687,
            -0.615098385612156,
            2.5706114438431937
        ],
        [
            0.38259936304381836,
            0.6360158033905602,
            -0.160275611982039,
            -0.29399494573283713
        ],
        [
            -0.12223065847971101,
            -0.15701478390765544,
            -0.13110962459416284,
            0.038877876142058294
        ],
        [
            -0.36924813441882903,
            -0.7846464744358161,
            -1.5872212757365853,
            0.3919646108842099
        ],
        [
            -1.0556750400409876,
            -1.2901165637718435,
            -0.2787011042360293,
            -0.027808582233373628
        ],
        [
            0.0641433785281469,
            -0.2798908010344697,
            0.37395591559146985,
            0.3475723223865044
        ],
        [
            0.788231641608558,
            0.31131320033852516,
            3.5805070787371216,
            -0.3101486254605921
        ],
        [
            -3.3710577771338297,
            -2.8914596400747614,
            -0.6919354701529948,
            2.6913714983163786
        ],
        [
            0.8553591939934483,
            1.0276115666521723,
            0.14653989652553498,
            -0.619258069179289
        ],
        [
            -1.6670936213364995,
            -2.6254393934799447,
            -1.208808093869622,
            2.687830802074841
        ],
        [
            -0.1367768198917747,
            -0.320561007385831,
            -0.4557001020431668,
            0.37891105149194176
        ],
        [
            0.6316855044955706,
            1.044807831175599,
            -0.04991325431309257,
            -0.8530251429883564
        ],
        [
            -1.7051803257113773,
            -1.8253115844148253,
            -0.8230024084736803,
            1.9538917557149542
        ],
        [
            1.0783304988540632,
            0.7592942388226362,
            0.7685510527556165,
            -0.6423889730663828
        ],
        [
            0.4288216679344691,
            0.19720866412916532,
            0.07817246951433761,
            -0.5404705086352626
        ],
        [
            -0.9177855424471434,
            -1.8152121011387001,
            -0.7390595113609687,
            1.5585132253905865
        ],
        [
            0.5336643727335469,
            0.9666985013742538,
            -0.45992767646464566,
            -0.3376731164951842
        ],
        [
            -0.8095421927779107,
            -1.3796237381627683,
            -0.6208371742361132,
            0.9625237276812656
        ],
        [
            -0.5921439313799903,
            -1.1856977409997398,
            -0.5412063372962256,
            0.7941407086315172
        ],
        [
            1.2574883434588258,
            1.3160156450103209,
            0.9574220947577703,
            -0.9256578400901155
        ],
        [
            -0.7175435440322508,
            -1.7206431830865117,
            -0.8883304728497259,
            1.706067553168277
        ],
        [
            -0.5405458007191145,
            -0.8174223027104369,
            -0.7409816846343563,
            0.6835745560152631
        ],
        [
            0.5470051510997913,
            1.2058139006627306,
            0.09130968225398509,
            -0.799829047829505
        ],
        [
            0.6366918989445018,
            0.971152545923555,
            0.9369722889777983,
            -1.158613257863795
        ],
        [
            0.03348399094462794,
            0.11096530663421543,
            -0.600917692015507,
            0.3026437204940706
        ],
        [
            -0.7414256663198796,
            0.25796753265816985,
            -0.43121115798979237,
            0.21454774265977783
        ],
        [
            1.6356278421403645,
            1.9460557555857445,
            1.257563857315669,
            -1.1568776047896208
        ],
        [
            -2.2274167317481046,
            -2.121588550877848,
            -0.14958264236079363,
            1.837308709496416
        ],
        [
            0.1186088356535626,
            0.028903449279413105,
            0.4509661061905716,
            0.2842105302912148
        ],
        [
            -0.3193112936723385,
            -0.3236398803563529,
            -0.6333799462345334,
            0.2852634625553439
        ],
        [
            0.7655495640626078,
            1.2102262918508422,
            0.7630625771422523,
            -1.056494339175565
        ],
        [
            0.5641318717489362,
            1.1350170458534348,
            0.14983316930610768,
            -0.312463368832903
        ],
        [
            0.13916142374261528,
            0.6027662796807468,
            0.8612684929459933,
            -1.6494696558376605
        ],
        [
            0.3828296390669078,
            0.7147354321755078,
            -0.7649087789001738,
            -0.5027466515361594
        ],
        [
            0.29858477687539897,
            0.5109732331732768,
            -0.26865201842773695,
            -0.32753912491809484
        ],
        [
            0.14783592245980995,
            0.27402625183059176,
            -0.19184052911045463,
            -0.2799025491432276
        ],
        [
            -1.3944566131824516,
            -0.4037955220228408,
            0.27232315070269786,
            0.5811287479598874
        ],
        [
            0.7571749771640531,
            1.3858570184066505,
            0.03047184035183735,
            -0.809105305356203
        ],
        [
            0.6326191415974921,
            1.0375940832838206,
