{
    "PHQ_Binary": {
        "audio": {
            "D1": 0.0,
            "D2": 0.43103448275862066,
            "M1": 0.0,
            "S1": 0.43103448275862066
        },
        "nlp": {
            "M1": 0.5588235294117646,
            "D1": 0.4411764705882352,
            "D2": 0.8342245989304812,
            "S1": 0.7620320855614973
        },
        "graph": {
            "M1": 0.22625698324022342,
            "S1": 0.22625698324022342,
            "D2": 0.22625698324022342,
            "D1": 0.25139664804469275
        },
        "audio-nlp": {
            "D1": 0.14189189189189189,
            "D2": 0.21959459459459457,
            "M1": 0.14189189189189189,
            "S1": 0.21959459459459457
        },
        "audio-graph": {
            "D1": 0.0756578947368421,
            "D2": 0.18421052631578944,
            "M1": 0.0,
            "S1": 0.39144736842105265
        },
        "graph-nlp": {
            "M1": 0.6206896551724137,
            "D1": 0.37931034482758613,
            "D2": 0.37931034482758613,
            "S1": 0.37931034482758613
        },
        "audio-graph-nlp": {
            "D1": 0.5311572700296736,
            "D2": 0.29080118694362017,
            "M1": 0.29080118694362017,
            "S1": 0.10385756676557864
        }
    },
    "PCL-C (PTSD)": {
        "audio": {
            "D1": 0.19807923169267705,
            "D2": 0.510204081632653,
            "M1": 0.3961584633853541,
            "S1": 0.510204081632653
        },
        "nlp": {
            "M1": 0.4415954415954416,
            "D1": 0.6191832858499525,
            "D2": 0.0,
            "S1": 0.6191832858499525
        },
        "graph": {
            "M1": 0.07874015748031496,
            "S1": 0.07874015748031496,
            "D2": 0.07874015748031496,
            "D1": 0.29232283464566927
        },
        "audio-nlp": {
            "D1": 0.5639374425022999,
            "D2": 0.15455381784728614,
            "M1": 0.15455381784728614,
            "S1": 0.15455381784728614
        },
        "audio-graph": {
            "D1": 0.30401737242128124,
            "D2": 0.30293159609120524,
            "M1": 0.17372421281216072,
            "S1": 0.47665580890336595
        },
        "graph-nlp": {
            "M1": 0.6722113502935421,
            "D1": 0.28180039138943247,
            "D2": 0.4765166340508806,
            "S1": 0.2896281800391389
        },
        "audio-graph-nlp": {
            "D1": 0.16901408450704225,
            "D2": 0.6297786720321932,
            "M1": 0.6297786720321932,
            "S1": 0.6297786720321932
        }
    }
}