{
    "optimal_k": 2,
    "final_n_components": 2,
    "silhouette_scores": [
        0.512741817436083,
        0.4100858784110813,
        0.41315403606969964,
        0.42688815195856983,
        0.39202437947053187,
        0.34759488788777193,
        0.3416466979056029,
        0.3379568651711816,
        0.3058001094833635
    ],
    "final_cumulative_variance_ratio": [
        0.6369938803637887,
        0.9726155600404511,
        0.9914264039481189,
        1.0
    ],
    "largest_cluster_mask": [
        true,
        true,
        true,
        true,
        true,
        true,
        false,
        false,
        true,
        true,
        true,
        true,
        true,
        true,
        true,
        true,
        true,
        true,
        true,
        true,
        true,
        true,
        true,
        true,
        true,
        true,
        true,
        false,
        true,
        true,
        true,
        true,
        true,
        true,
        true,
        true,
        false,
        true,
        true,
        true,
        true,
        true,
        true,
        true,
        true,
        true,
        true,
        true,
        true,
        true,
        true,
        true,
        true,
        true,
        true,
        true,
        true,
        true,
        true,
        true,
        true,
        true,
        true,
        true,
        true,
        false,
        true,
        false,
        true,
        false,
        true,
        true,
        true,
        true,
        true,
        true,
        true,
        true,
        true,
        true,
        true,
        true,
        true,
        true,
        true,
        true,
        true,
        true,
        true,
        true,
        true,
        true,
        true,
        true,
        true,
        true,
        true,
        true,
        true,
        true,
        true,
        true,
        true,
        true,
        true,
        true,
        true,
        true,
        false,
        true,
        true,
        true,
        true,
        false
    ],
    "X_reduced": [
        [
            1.46303326965191,
            -1.4257590669622306,
            0.005248195148675073,
            0.3967987805708013
        ],
        [
            -0.38356879693561746,
            0.48642120232148356,
            -0.8663230374315459,
            -0.9576160775139249
        ],
        [
            -0.14089271014187107,
            -0.010849411428224605,
            -0.14446192926243706,
            -0.2668282096479447
        ],
        [
            0.9063186134887937,
            0.029362268225299814,
            -2.167171763549515,
            -1.3154001811194316
        ],
        [
            0.28738944065992555,
            -0.8517518159747831,
            0.6623633558484572,
            1.2048512586183378
        ],
        [
            -0.40165947611042147,
            0.005354829451010566,
            0.9974410515536407,
            -0.0445150685992438
        ],
        [
            -1.6470536953822044,
            -0.6074629389710077,
            6.014525078770967,
            3.7572085422987453
        ],
        [
            3.111778317743272,
            -2.4853800053330266,
            1.4561909170693745,
            2.9910904259735687
        ],
        [
            -0.516100193939199,
            0.698600403643848,
            -0.5732954729584259,
            -0.7495221529200664
        ],
        [
            1.817794220853896,
            -1.4882588083351573,
            -0.8809229095063296,
            0.026672067214040043
        ],
        [
            0.2074347158578103,
            -0.03036656958432556,
            -0.6938914235227881,
            -0.5713404616210832
        ],
        [
            -0.5336177658511012,
            0.6531464081242128,
            -0.9399094296867013,
            -0.791306875432177
        ],
        [
            1.7669794659718656,
            -1.2036422520508927,
            0.014872141352936248,
            0.6679314874621701
        ],
        [
            -0.6439020549822232,
            0.5746210517883383,
            0.9798894731017501,
            0.13669737528731002
        ],
        [
            -0.2876192590767955,
            0.30473665355384993,
            0.23176243922230558,
            -0.05784607589171642
        ],
        [
            1.0426464114089284,
            -0.8424876117397421,
            -0.14318984279937894,
            0.032740781473135715
        ],
        [
            -0.41972182587830803,
            0.7812302464121963,
            -1.668271745976722,
            -1.6847023859146708
        ],
        [
            0.6663083734663072,
            -0.6466975654037077,
            -0.14510636964716944,
            0.053345358367673325
        ],
        [
            0.516061746634177,
            -0.4573552447197849,
            -0.039252876676919554,
            -0.07551971219954025
        ],
        [
            -0.8241962561242315,
            0.6810382081795072,
            0.6495524591534698,
            0.15841622772694036
        ],
        [
            1.211922981955409,
            -0.7138169011057314,
            -0.5366772222592456,
            -0.2710699150450934
        ],
        [
            0.4772287656631024,
            -0.2930140581905077,
            -0.8395980406100507,
            -0.5488284960956966
        ],
        [
            -0.727914149490078,
            0.635999438465011,
            -0.9405866615732738,
            -0.8557260397791918
        ],
        [
            -0.9823285574376125,
            0.34496518958816547,
            0.9713266114111467,
            0.619179830668463
        ],
        [
            0.016358415961384955,
            0.2864824667865672,
            -1.325088544983074,
            -1.288613125874494
        ],
        [
            1.3448069711526955,
            -0.30700511103863243,
            -0.6361825665056169,
            0.7015600914634055
        ],
        [
            -1.1059774779928118,
            0.9330052831339803,
            0.5513516913598419,
            0.027191521152309186
        ],
        [
            2.956274993685612,
            -1.8965958554419255,
            2.2980563010781268,
            3.489046061381732
        ],
        [
            -0.40418035021568566,
            -0.0037333965217804864,
            0.6301586243254765,
            -0.017272037661519985
        ],
        [
            0.1815536569163992,
            -0.04156145884783229,
            -1.011411741384334,
            -0.740756990215455
        ],
        [
            -0.9768850250893473,
            0.5405879055977798,
            0.38665362280829,
            0.05701464034989315
        ],
        [
            -0.7126873096224258,
            0.6335803418686831,
            -0.8872778893152907,
            -1.1198059508369886
        ],
        [
            -0.8425309520765847,
            -0.0764621359701177,
            1.1967502590607342,
            1.5570645848306641
        ],
        [
            -0.11509389772294418,
            0.6556313730859183,
            -1.963210983909389,
            -1.5026770818166282
        ],
        [
            -0.3083376258825721,
            0.43828281380999623,
            -0.9047797040009554,
            -0.9008321848011213
        ],
        [
            -0.2710649502395882,
            0.27213678007947384,
            -0.5537908146093612,
            -0.5906736923563379
        ],
        [
            1.2123508779457115,
            -1.0141602674316115,
            1.0912021419868785,
            2.056258705787046
        ],
        [
            -0.7430539343584904,
            0.8257805440032412,
            -1.1595079587015895,
            -1.163821070085111
        ],
        [
            -0.876620425286522,
            0.5427726067560903,
            0.0584704222036434,
